Workbook

Sheet 使い方
A1: 就労継続支援 経営KPIシート（汎用版 v1.0）
A3: ■ このシートでできること
A4: ・毎月の数字を1か所に入れるだけで、利用率・平均工賃・工賃の原資・転換率などを自動で計算します
A5: ・サービス管理責任者の欠員、資格更新や指定更新の期限切れ、工賃が原資を超えている月などを赤色で知らせます
A6: ・「ダッシュボード」で対象月を選ぶと、前月との比較が一覧になります（会議・議事録にそのまま使えます）
A8: ■ 使い方（3ステップ）
A9: ① 「設定」シートの黄色いセルに、事業所名・定員・目標値を入れる（最初の1回だけ）
A10: ② 毎月、「月次入力」シートの黄色いセルに数字を入れる。空欄にせず、なければ 0 を入れる
A11: ③ 「ダッシュボード」で対象月を選び、赤色の項目から対策を考える。期限は「期限管理」シートで管理する
A13: ■ セルの色の意味
A14: 黄色の背景＝入力するセル ／ 青い文字＝入力値 ／ 黒い文字＝自動計算（触らない） ／ 赤い背景＝要注意
A16: ■ 計算方法について
... A24: 「月次入力」の2か月目までに、見本の数値が入っています。お使いになる前に、見本の数値を消すか、上書きしてください。

Sheet ダッシュボード
A1: ダッシュボード（対象月を選ぶと前月と比較します）
A3: 事業所名 | B3: =設定!B3
A4: 対象月 | B4: 2026-05 | C4: ← 黄色のセルで月を選ぶ
A5: 列番号（自動） | B5: =MATCH(B4,月次入力!$C$3:$N$3,0)
A7: 指標 | B7: 単位 | C7: 前月 | D7: 当月 | E7: 増減 | F7: 判定
A8: 利用率 | B8: % | C8: =IF($B$5<=1,"",INDEX(自動計算!$C$4:$N$4,1,$B$5-1)) | D8: =INDEX(自動計算!$C$4:$N$4,1,$B$5) | E8: =IFERROR(D8-C8,"") | F8: =IF(D8="","",IF(D8<設定!$B$7,"目標未達","OK"))
A9: 平均工賃月額（目安） | B9: 円 | C9: =IF($B$5<=1,"",INDEX(自動計算!$C$5:$N$5,1,$B$5-1)) | D9: =INDEX(自動計算!$C$5:$N$5,1,$B$5) | E9: =IFERROR(D9-C9,"") | F9: =IF(D9="","",IF(D9<設定!$B$8,"目標未達","OK"))
A10: 工賃の時給換算 | B10: 円 | C10: =IF($B$5<=1,"",INDEX(自動計算!$C$6:$N$6,1,$B$5-1)) | D10: =INDEX(自動計算!$C$6:$N$6,1,$B$5) | E10: =IFERROR(D10-C10,"")
A11: 原資に対する工賃の割合 | B11: % | C11: =IF($B$5<=1,"",INDEX(自動計算!$C$8:$N$8,1,$B$5-1)) | D11: =INDEX(自動計算!$C$8:$N$8,1,$B$5) | E11: =IFERROR(D11-C11,"") | F11: =IF(D11="","",IF(D11>1,"要確認：原資超過","OK"))
A12: サービス管理責任者の欠員 | B12: 人 | C12: =IF($B$5<=1,"",INDEX(自動計算!$C$9:$N$9,1,$B$5-1)) | D12: =INDEX(自動計算!$C$9:$N$9,1,$B$5) | E12: =IFERROR(D12-C12,"") | F12: =IF(D12>0,"要対応：欠員","OK")
A13: 在籍利用者数（月末） | B13: 人 | C13: =IF($B$5<=1,"",INDEX(月次入力!$C$6:$N$6,1,$B$5-1)) | D13: =INDEX(月次入力!$C$6:$N$6,1,$B$5) | E13: =IFERROR(D13-C13,"")
A14: 利用者の純増 | B14: 人 | C14: =IF($B$5<=1,"",INDEX(自動計算!$C$10:$N$10,1,$B$5-1)) | D14: =INDEX(自動計算!$C$10:$N$10,1,$B$5) | E14: =IFERROR(D14-C14,"")
A15: 問合せ→契約の転換率 | B15: % | C15: =IF($B$5<=1,"",INDEX(自動計算!$C$11:$N$11,1,$B$5-1)) | D15: =INDEX(自動計算!$C$11:$N$11,1,$B$5) | E15: =IFERROR(D15-C15,"")
A16: 当月の就職者 | B16: 人 | C16: =IF($B$5<=1,"",INDEX(月次入力!$C$22:$N$22,1,$B$5-1)) | D16: =INDEX(月次入力!$C$22:$N$22,1,$B$5) | E16: =IFERROR(D16-C16,"")
A17: 就職後の離職 | B17: 人 | C17: =IF($B$5<=1,"",INDEX(月次入力!$C$24:$N$24,1,$B$5-1)) | D17: =INDEX(月次入力!$C$24:$N$24,1,$B$5) | E17: =IFERROR(D17-C17,"") | F17: =IF(D17>0,"要確認","OK")
A18: 売上合計 | B18: 円 | C18: =IF($B$5<=1,"",INDEX(自動計算!$C$12:$N$12,1,$B$5-1)) | D18: =INDEX(自動計算!$C$12:$N$12,1,$B$5) | E18: =IFERROR(D18-C18,"")
A19: 未収金 | B19: 円 | C19: =IF($B$5<=1,"",INDEX(月次入力!$C$33:$N$33,1,$B$5-1)) | D19: =INDEX(月次入力!$C$33:$N$33,1,$B$5) | E19: =IFERROR(D19-C19,"") | F19: =IF(D19>0,"要確認","OK")
A20: 返戻・過誤調整 | B20: 円 | C20: =IF($B$5<=1,"",INDEX(月次入力!$C$34:$N$34,1,$B$5-1)) | D20: =INDEX(月次入力!$C$34:$N$34,1,$B$5) | E20: =IFERROR(D20-C20,"") | F20: =IF(D20<>0,"要確認","OK")
A22: 次の期限（「期限管理」シートから）
A23: 期限が近いもの・過ぎたもの（件） | D23: =COUNTIF(期限管理!$F$4:$F$23,"期限切れ")+COUNTIF(期限管理!$F$4:$F$23,"まもなく")

Sheet 設定
A1: 設定（最初に1回だけ入力）
A3: 事業所名 | B3: ○○作業所（見本）
A4: サービス種別 | B4: 就労継続支援B型
A5: 定員（人） | B5: 20
A6: 年度の最初の月 | B6: 2026-04
A7: 目標：利用率 | B7: 0.85
A8: 目標：平均工賃月額（円） | B8: 25000
A9: 期限アラート：何日前から赤くするか | B9: 90
A11: ※ 見本の値が入っています。自分の事業所の値に書き換えてください。目標値は経営判断で決めてください。

Sheet 月次入力
A1: 月次入力（黄色のセルに入力。空欄にせず、なければ 0）
A3: 項目 | B3: 単位 | C3: 2026-04 | D3: 2026-05 | E3: 2026-06 | F3: 2026-07 | G3: 2026-08 | H3: 2026-09 | I3: 2026-10 | J3: 2026-11 | K3: 2026-12 | L3: 2027-01 | M3: 2027-02 | N3: 2027-03
A4: １ 利用者
A5: 開所日数 | B5: 日 | C5: 21 | D5: 20
A6: 在籍利用者数（月末） | B6: 人 | C6: 22 | D6: 23
A7: 延べ利用者数（＝延べ利用日数） | B7: 人日 | C7: 352 | D7: 356
A8: 新規契約 | B8: 人 | C8: 1 | D8: 1
A9: 契約終了 | B9: 人 | C9: 0 | D9: 0
A10: ２ 生産活動・工賃
A11: 生産活動収入 | B11: 円 | C11: 820000 | D11: 905000
A12: 生産活動に要した経費 | B12: 円 | C12: 260000 | D12: 280000
A13: 工賃総額（実際の支払額） | B13: 円 | C13: 430000 | D13: 560000
A14: 延べ作業時間 | B14: 時間 | C14: 1580 | D14: 1610
A15: 当月の新規受注 | B15: 件 | C15: 2 | D15: 1
A16: ３ 人員体制
A17: サービス管理責任者：必要数 | B17: 人 | C17: 1 | D17: 1
A18: サービス管理責任者：配置数 | B18: 人 | C18: 1 | D18: 0
A19: 職員数（実人数） | B19: 人 | C19: 8 | D19: 8
A20: 退職予定 | B20: 人 | C20: 0 | D20: 1
A21: ４ 一般就労への移行
A22: 当月の就職者 | B22: 人 | C22: 0 | D22: 1
A23: 定着支援中 | B23: 人 | C23: 2 | D23: 3
A24: 就職後の離職 | B24: 人 | C24: 0 | D24: 0
A25: ５ 問合せ・集客
A26: 問合せ | B26: 件 | C26: 6 | D26: 4
A27: 見学 | B27: 件 | C27: 3 | D27: 2
A28: 体験利用 | B28: 件 | C28: 2 | D28: 1
A29: 契約に至った数 | B29: 件 | C29: 1 | D29: 1
A30: ６ 財務
A31: 売上（訓練等給付費） | B31: 円 | C31: 3300000 | D31: 3350000
A32: 売上（自主事業・その他） | B32: 円 | C32: 0 | D32: 0
A33: 未収金 | B33: 円 | C33: 0 | D33: 0
A34: 返戻・過誤調整 | B34: 円 | C34: 0 | D34: -12000
A36: ※ 2026-04 と 2026-05 の列は見本の数値です。使う前に消すか上書きしてください。年度が違う場合は3行目の月を書き換えてください。

Sheet 自動計算
A1: 自動計算（触らない。赤＝要注意）
A3: 指標 | B3: 単位 | C3: =月次入力!C3 | D3: =月次入力!D3 | E3: =月次入力!E3 | F3: =月次入力!F3 | G3: =月次入力!G3 | H3: =月次入力!H3 | I3: =月次入力!I3 | J3: =月次入力!J3 | ... N3: =月次入力!N3
A4: 利用率 | B4: % | C4: =IFERROR(月次入力!C7/(設定!$B$5*月次入力!C5),"") | D4: =IFERROR(月次入力!D7/(設定!$B$5*月次入力!D5),"") | E4: =IFERROR(月次入力!E7/(設定!$B$5*月次入力!E5),"") | F4: =IFERROR(月次入力!F7/(設定!$B$5*月次入力!F5),"") | G4: =IFERROR(月次入力!G7/(設定!$B$5*月次入力!G5),"") | H4: =IFERROR(月次入力!H7/(設定!$B$5*月次入力!H5),"") | I4: =IFERROR(月次入力!I7/(設定!$B$5*月次入力!I5),"") | J4: =IFERROR(月次入力!J7/(設定!$B$5*月次入力!J5),"") | ... N4: =IFERROR(月次入力!N7/(設定!$B$5*月次入力!N5),"")
A5: 平均工賃月額（目安） | B5: 円 | C5: =IFERROR(月次入力!C13/(月次入力!C7/月次入力!C5),"") | D5: =IFERROR(月次入力!D13/(月次入力!D7/月次入力!D5),"") | E5: =IFERROR(月次入力!E13/(月次入力!E7/月次入力!E5),"") | F5: =IFERROR(月次入力!F13/(月次入力!F7/月次入力!F5),"") | G5: =IFERROR(月次入力!G13/(月次入力!G7/月次入力!G5),"") | H5: =IFERROR(月次入力!H13/(月次入力!H7/月次入力!H5),"") | I5: =IFERROR(月次入力!I13/(月次入力!I7/月次入力!I5),"") | J5: =IFERROR(月次入力!J13/(月次入力!J7/月次入力!J5),"") | ... N5: =IFERROR(月次入力!N13/(月次入力!N7/月次入力!N5),"")
A6: 工賃の時給換算 | B6: 円 | C6: =IFERROR(月次入力!C13/月次入力!C14,"") | D6: =IFERROR(月次入力!D13/月次入力!D14,"") | E6: =IFERROR(月次入力!E13/月次入力!E14,"") | F6: =IFERROR(月次入力!F13/月次入力!F14,"") | G6: =IFERROR(月次入力!G13/月次入力!G14,"") | H6: =IFERROR(月次入力!H13/月次入力!H14,"") | I6: =IFERROR(月次入力!I13/月次入力!I14,"") | J6: =IFERROR(月次入力!J13/月次入力!J14,"") | ... N6: =IFERROR(月次入力!N13/月次入力!N14,"")
A7: 工賃の原資（収入−経費） | B7: 円 | C7: =月次入力!C11-月次入力!C12 | D7: =月次入力!D11-月次入力!D12 | E7: =月次入力!E11-月次入力!E12 | F7: =月次入力!F11-月次入力!F12 | G7: =月次入力!G11-月次入力!G12 | H7: =月次入力!H11-月次入力!H12 | I7: =月次入力!I11-月次入力!I12 | J7: =月次入力!J11-月次入力!J12 | ... N7: =月次入力!N11-月次入力!N12
A8: 原資に対する工賃の割合 | B8: % | C8: =IFERROR(月次入力!C13/C7,"") | D8: =IFERROR(月次入力!D13/D7,"") | E8: =IFERROR(月次入力!E13/E7,"") | F8: =IFERROR(月次入力!F13/F7,"") | G8: =IFERROR(月次入力!G13/G7,"") | H8: =IFERROR(月次入力!H13/H7,"") | I8: =IFERROR(月次入力!I13/I7,"") | J8: =IFERROR(月次入力!J13/J7,"") | ... N8: =IFERROR(月次入力!N13/N7,"")
A9: サービス管理責任者の欠員 | B9: 人 | C9: =MAX(0,月次入力!C17-月次入力!C18) | D9: =MAX(0,月次入力!D17-月次入力!D18) | E9: =MAX(0,月次入力!E17-月次入力!E18) | F9: =MAX(0,月次入力!F17-月次入力!F18) | G9: =MAX(0,月次入力!G17-月次入力!G18) | H9: =MAX(0,月次入力!H17-月次入力!H18) | I9: =MAX(0,月次入力!I17-月次入力!I18) | J9: =MAX(0,月次入力!J17-月次入力!J18) | ... N9: =MAX(0,月次入力!N17-月次入力!N18)
A10: 利用者の純増 | B10: 人 | C10: =月次入力!C8-月次入力!C9 | D10: =月次入力!D8-月次入力!D9 | E10: =月次入力!E8-月次入力!E9 | F10: =月次入力!F8-月次入力!F9 | G10: =月次入力!G8-月次入力!G9 | H10: =月次入力!H8-月次入力!H9 | I10: =月次入力!I8-月次入力!I9 | J10: =月次入力!J8-月次入力!J9 | ... N10: =月次入力!N8-月次入力!N9
A11: 問合せ→契約の転換率 | B11: % | C11: =IFERROR(月次入力!C29/月次入力!C26,"") | D11: =IFERROR(月次入力!D29/月次入力!D26,"") | E11: =IFERROR(月次入力!E29/月次入力!E26,"") | F11: =IFERROR(月次入力!F29/月次入力!F26,"") | G11: =IFERROR(月次入力!G29/月次入力!G26,"") | H11: =IFERROR(月次入力!H29/月次入力!H26,"") | I11: =IFERROR(月次入力!I29/月次入力!I26,"") | J11: =IFERROR(月次入力!J29/月次入力!J26,"") | ... N11: =IFERROR(月次入力!N29/月次入力!N26,"")
A12: 売上合計 | B12: 円 | C12: =月次入力!C31+月次入力!C32 | D12: =月次入力!D31+月次入力!D32 | E12: =月次入力!E31+月次入力!E32 | F12: =月次入力!F31+月次入力!F32 | G12: =月次入力!G31+月次入力!G32 | H12: =月次入力!H31+月次入力!H32 | I12: =月次入力!I31+月次入力!I32 | J12: =月次入力!J31+月次入力!J32 | ... N12: =月次入力!N31+月次入力!N32
A13: 利用率の目標との差 | B13: % | C13: =IF(C4="","",C4-設定!$B$7) | D13: =IF(D4="","",D4-設定!$B$7) | E13: =IF(E4="","",E4-設定!$B$7) | F13: =IF(F4="","",F4-設定!$B$7) | G13: =IF(G4="","",G4-設定!$B$7) | H13: =IF(H4="","",H4-設定!$B$7) | I13: =IF(I4="","",I4-設定!$B$7) | J13: =IF(J4="","",J4-設定!$B$7) | ... N13: =IF(N4="","",N4-設定!$B$7)
A14: 平均工賃の目標との差 | B14: 円 | C14: =IF(C5="","",C5-設定!$B$8) | D14: =IF(D5="","",D5-設定!$B$8) | E14: =IF(E5="","",E5-設定!$B$8) | F14: =IF(F5="","",F5-設定!$B$8) | G14: =IF(G5="","",G5-設定!$B$8) | H14: =IF(H5="","",H5-設定!$B$8) | I14: =IF(I5="","",I5-設定!$B$8) | J14: =IF(J5="","",J5-設定!$B$8) | ... N14: =IF(N5="","",N5-設定!$B$8)
A16: ※ 原資に対する工賃の割合が100%を超える月は、工賃を訓練等給付費から補填している可能性があります（赤）。
A17: ※ 平均工賃月額は月次の目安です。報酬算定に使う正式な値は、年度単位で指定権者の様式に従って算定してください。

Sheet 期限管理
A1: 期限管理（黄色に入力。期限が近いと赤くなります） | H1: 今日 | I1: =TODAY()
A3: 区分 | B3: 内容 | C3: 期限 | D3: 担当 | E3: 残り日数 | F3: 状態 | G3: メモ
A4: 指定 | B4: 事業所の指定更新 | C4: 47208 | E4: =IF(C4="","",C4-$I$1) | F4: =IF(C4="","",IF(E4<0,"期限切れ",IF(E4<=設定!$B$9,"まもなく","余裕あり")))
A5: 人員 | B5: サービス管理責任者の更新研修（資格の有効期限） | C5: 46477 | E5: =IF(C5="","",C5-$I$1) | F5: =IF(C5="","",IF(E5<0,"期限切れ",IF(E5<=設定!$B$9,"まもなく","余裕あり")))
A6: 研修 | B6: サービス管理責任者 実践研修の受講 | C6: 46371 | E6: =IF(C6="","",C6-$I$1) | F6: =IF(C6="","",IF(E6<0,"期限切れ",IF(E6<=設定!$B$9,"まもなく","余裕あり")))
A7: 届出 | B7: 加算の届出（翌月から算定する場合の締切） | C7: 46310 | E7: =IF(C7="","",C7-$I$1) | F7: =IF(C7="","",IF(E7<0,"期限切れ",IF(E7<=設定!$B$9,"まもなく","余裕あり")))
A8: 運営指導 | B8: 運営指導（実地指導）の予定日 | C8: 46346 | E8: =IF(C8="","",C8-$I$1) | F8: =IF(C8="","",IF(E8<0,"期限切れ",IF(E8<=設定!$B$9,"まもなく","余裕あり")))
A9: 労務 | B9: 36協定の届出・更新 | C9: 46477 | E9: =IF(C9="","",C9-$I$1) | F9: =IF(C9="","",IF(E9<0,"期限切れ",IF(E9<=設定!$B$9,"まもなく","余裕あり")))
E10: =IF(C10="","",C10-$I$1) | F10: =IF(C10="","",IF(E10<0,"期限切れ",IF(E10<=設定!$B$9,"まもなく","余裕あり")))
E11: =IF(C11="","",C11-$I$1) | F11: =IF(C11="","",IF(E11<0,"期限切れ",IF(E11<=設定!$B$9,"まもなく","余裕あり")))
E12: =IF(C12="","",C12-$I$1) | F12: =IF(C12="","",IF(E12<0,"期限切れ",IF(E12<=設定!$B$9,"まもなく","余裕あり")))
E13: =IF(C13="","",C13-$I$1) | F13: =IF(C13="","",IF(E13<0,"期限切れ",IF(E13<=設定!$B$9,"まもなく","余裕あり")))
E14: =IF(C14="","",C14-$I$1) | F14: =IF(C14="","",IF(E14<0,"期限切れ",IF(E14<=設定!$B$9,"まもなく","余裕あり")))
E15: =IF(C15="","",C15-$I$1) | F15: =IF(C15="","",IF(E15<0,"期限切れ",IF(E15<=設定!$B$9,"まもなく","余裕あり")))
E16: =IF(C16="","",C16-$I$1) | F16: =IF(C16="","",IF(E16<0,"期限切れ",IF(E16<=設定!$B$9,"まもなく","余裕あり")))
E17: =IF(C17="","",C17-$I$1) | F17: =IF(C17="","",IF(E17<0,"期限切れ",IF(E17<=設定!$B$9,"まもなく","余裕あり")))
E18: =IF(C18="","",C18-$I$1) | F18: =IF(C18="","",IF(E18<0,"期限切れ",IF(E18<=設定!$B$9,"まもなく","余裕あり")))
E19: =IF(C19="","",C19-$I$1) | F19: =IF(C19="","",IF(E19<0,"期限切れ",IF(E19<=設定!$B$9,"まもなく","余裕あり")))
E20: =IF(C20="","",C20-$I$1) | F20: =IF(C20="","",IF(E20<0,"期限切れ",IF(E20<=設定!$B$9,"まもなく","余裕あり")))
E21: =IF(C21="","",C21-$I$1) | F21: =IF(C21="","",IF(E21<0,"期限切れ",IF(E21<=設定!$B$9,"まもなく","余裕あり")))
... E23: =IF(C23="","",C23-$I$1) | F23: =IF(C23="","",IF(E23<0,"期限切れ",IF(E23<=設定!$B$9,"まもなく","余裕あり")))
A25: ※ 見本の行が入っています。自分の事業所の期限に書き換えてください。
